Timestamp,Problem,Source,Root Cause,OSI Layer,Confidence,Next Command,Proposed Fix,Status,Correction Reason
2026-08-25 20:34:11,PC in VLAN 10 cannot ping PC in VLAN 10 on adjacent switch.,Rule Engine (Fast Match),VLAN Trunking Error,Layer 2,High,show interfaces trunk,Set switchport mode trunk on interconnecting interfaces.,ACCEPTED,N/A
2026-08-25 20:34:11,Host on VLAN 20 cannot communicate with default gateway.,Gemini AI,Access Port Assigned to Wrong VLAN,Layer 2,High,show switchport interface,Reassign interface to VLAN 20 using switchport access vlan 20.,ACCEPTED,N/A
2026-08-25 20:34:11,Switch port error-disabled due to port-security violation.,Gemini AI,Port Security Violation,Layer 2,High,show interface port-security,Clear sticky MAC settings and issue shutdown / no shutdown on port.,ACCEPTED,N/A
2026-08-25 20:34:11,Trunk link down between Core and Access switches.,Gemini AI,Native VLAN Mismatch,Layer 2,Medium,show cdp neighbors detail,Align native VLAN IDs on both ends of trunk interface.,ACCEPTED,N/A
2026-08-25 20:34:11,PC gets IP but cannot reach server in VLAN 30; gateway ping works.,Gemini AI,Inter-VLAN Routing Failure / Missing Route,Layer 3,Medium,show ip route,Add ip route command or configure router-on-a-stick subinterfaces.,ACCEPTED,N/A
2026-08-25 20:34:11,R1 cannot reach subnet on R2 across serial link.,Gemini AI,Static Route Next-Hop Unreachable,Layer 3,High,show ip route,Correct destination next-hop IP in static route table.,ACCEPTED,N/A
2026-08-25 20:34:11,OSPF neighbor adjacencies failing to establish.,Gemini AI,OSPF Area / Hello Interval Mismatch,Layer 3,High,show ip ospf neighbor,Align OSPF area IDs and timer intervals across neighboring routers.,ACCEPTED,N/A
2026-08-25 20:34:11,High latency occurs when traffic passes across BGP peering link.,Gemini AI,BGP Path Selection Suboptimal,Layer 3,Low,show ip bgp,Adjust MED or Local Preference attributes for preferred routing.,EDITED,AI suggested resetting BGP peer; preferred adjusting Local Preference instead.
2026-08-25 20:34:11,Router unable to forward packets to remote subnet 10.20.0.0/16.,Gemini AI,Missing Default Gateway / Default Route,Layer 3,High,show ip route,Configure ip route 0.0.0.0 0.0.0.0 pointing to ISP edge router.,ACCEPTED,N/A
2026-08-25 20:34:11,Host receives APIPA address (169.254.x.x) on startup.,Rule Engine (Fast Match),IP Configuration Error / DHCP Scope Mismatch,Layer 3,High,show ip interface brief,Reconfigure static IP setting or issue release/renew on host.,ACCEPTED,N/A
2026-08-25 20:34:11,Branch PCs not receiving dynamic IP addresses from central server.,Gemini AI,Missing IP Helper Address on Router Subinterface,Layer 3,High,show run interface,Add ip helper-address <DHCP_SERVER_IP> to interface configuration.,ACCEPTED,N/A
2026-08-25 20:34:11,"DHCP pool exhausted on router, new clients failing connection.",Gemini AI,DHCP Scope Exhaustion,Layer 7,High,show ip dhcp pool,Increase subnet pool scope size or lower DHCP lease timeouts.,ACCEPTED,N/A
2026-08-25 20:34:11,PC can ping 8.8.8.8 but cannot browse websites by hostname.,Gemini AI,DNS Resolution Failure,Layer 7,High,nslookup,Reconfigure primary and secondary DNS server IPs on host network config.,ACCEPTED,N/A
2026-08-25 20:34:11,Internal clients failing to resolve local domain domain.local.,Gemini AI,Corrupted DNS Forward Lookup Zone,Layer 7,Medium,ipconfig /displaydns,Flush client DNS cache and restart DNS service on domain controller.,EDITED,AI recommended changing DNS server; issue was resolved by clearing stale client cache.
2026-08-25 20:34:11,Engineering workstation blocked from accessing FTP server.,Gemini AI,Implicit Deny All in ACL,Layer 4,High,show access-lists,Add explicit permit rule above deny rule in access list.,ACCEPTED,N/A
2026-08-25 20:34:11,Guest Wi-Fi users able to access internal subnet 192.168.1.0/24.,Gemini AI,Missing Inbound Access Control List,Layer 4,High,show access-lists,Apply inbound ACL restricting access to private RFC 1918 addresses.,ACCEPTED,N/A
2026-08-25 20:34:11,SSH access to router core-rtr-01 timing out from management PC.,Gemini AI,VTY Line ACL Blocking IP Subnet,Layer 4,Medium,show running-config | section vty,Update access-class on line vty 0 4 to include management IP.,ACCEPTED,N/A
2026-08-25 20:34:11,Telnet blocked but SSH connection succeeds.,Gemini AI,Explicit ACL Block on TCP Port 23,Layer 4,High,show ip access-lists,Normal security posture; no action required unless Telnet is explicitly needed.,REJECTED,AI suggested enabling Telnet; rejected to maintain zero-trust security compliance.
2026-08-25 20:34:11,Internal host 192.168.1.10 unreachable from internet.,Gemini AI,Missing Static Port Forwarding / NAT Entry,Layer 3,High,show ip nat translations,Configure ip nat inside source static tcp for inbound traffic.,ACCEPTED,N/A
2026-08-25 20:34:11,LAN hosts lose internet connectivity during peak usage hours.,Gemini AI,PAT/NAT Port Overload Exhaustion,Layer 3,Medium,show ip nat statistics,Add additional public IPs to NAT pool dynamic allocation.,ACCEPTED,N/A
2026-08-25 20:34:11,NAT interface overload failing to translate traffic.,Gemini AI,NAT Outside / Inside Interface Configuration Inverted,Layer 3,High,show ip nat translations,Verify ip nat inside and ip nat outside directives on router interfaces.,EDITED,AI suggested restarting NAT service; corrected interface assignment tags.
2026-08-25 20:34:11,Laptop cannot connect to enterprise Wi-Fi network SSID Corp-Wifi.,Gemini AI,WPA2 Enterprise / 802.1X Authentication Failure,Layer 2,Medium,show wlan summary,Verify RADIUS server shared secret key and user credentials.,ACCEPTED,N/A
2026-08-25 20:34:11,Wireless clients disconnecting periodically in conference room.,Gemini AI,RF Co-Channel Interference / High Noise Floor,Layer 1,Low,show ap auto-rf,Adjust AP channel power assignment and switch to non-overlapping channels.,ACCEPTED,N/A
2026-08-25 20:34:11,IoT devices failing to connect to 5GHz wireless access point.,Gemini AI,Band Mismatch (Device supports 2.4GHz only),Layer 1,High,show wlan wlan_id,Enable 2.4GHz radio band broadcast on designated SSID.,ACCEPTED,N/A
2026-08-25 20:34:11,Port speed mismatch detected between Core Switch and Server 01.,Rule Engine (Fast Match),Physical / Data Link Layer Mismatch,Layer 2,High,show interface status,Set speed/duplex to auto-negotiate or configure matching parameters.,ACCEPTED,N/A
2026-08-25 20:34:11,Interface FastEthernet0/1 goes up and down constantly (flapping).,Gemini AI,Faulty Cabling / Damaged SFP Transceiver,Layer 1,High,show interface status,Replace Ethernet patch cable or optic SFP module.,ACCEPTED,N/A
2026-08-25 20:34:11,Switch port stuck in err-disabled state after loop detected.,Gemini AI,BPDU Guard Triggered by Unmanaged Switch,Layer 2,High,show interface status err-disabled,Remove unauthorized device and re-enable port with shutdown/no shutdown.,ACCEPTED,N/A
2026-08-25 20:34:11,High CPU utilization on core switch (over 98%).,Gemini AI,Broadcast Storm / Spanning Tree Protocol Loop,Layer 2,Medium,show processes cpu sorted,Verify STP topologies and configure PortFast / BPDU Filter correctly.,REJECTED,AI suggested rebooting core switch; resolved STP loop manually to avoid downtime.
2026-08-25 20:34:11,"Router interface line protocol is down, signal state is up.",Gemini AI,Layer 2 Framing / Keepalive Mismatch,Layer 2,High,show interface,Verify serial encapsulation type (HDLC/PPP) on both endpoints.,ACCEPTED,N/A
2026-08-25 20:34:11,VPN tunnel between site A and site B failing Phase 2 negotiation.,Gemini AI,IPsec Transform Set / Traffic Selector Mismatch,Layer 3,Medium,show crypto ipsec sa,Align Phase 2 IPsec transform sets and crypto map ACLs.,EDITED,AI recommended rebuilding tunnel from scratch; resolved by updating ACL matching rules.
2026-08-25 22:51:15,PC0 cannot ping PC1. Both host devices are connected to Switch0.,Gemini AI,"One or both of the switch ports connected to PC0 and PC1 are administratively shut down, preventing any Layer 1 or Layer 2 communication.",N/A,Medium,"show interface status
show interface <PC0_port>
show interface <PC1_port>","Identify the switch ports connecting to PC0 and PC1. If their status is 'administratively down', enable them using the 'no shutdown' command in interface configuration mode:

configure terminal
interface <PC0_port_name>
  no shutdown
exit
interface <PC1_port_name>
  no shutdown
exit

Replace `<PC0_port_name>` and `<PC1_port_name>` with the actual interface names (e.g., `GigabitEthernet0/1`).",ACCEPTED,Approved configuration. Verified that VLAN isolation on ports Fa0/1 and Fa0/2 was the root cause and the suggested fix is safe to apply.
2026-08-25 22:51:43,"PC0 cannot ping PC1. Both host devices are connected to Switch0.
VLAN Name                             Status    Ports
---- -------------------------------- --------- -------------------------------
1    default                          active    Fa0/3, Fa0/4, Fa0/5, Fa0/6
                                                Fa0/7, Fa0/8, Fa0/9, Fa0/10
                                                Fa0/11, Fa0/12, Fa0/13, Fa0/14
                                                Fa0/15, Fa0/16, Fa0/17, Fa0/18
                                                Fa0/19, Fa0/20, Fa0/21, Fa0/22
                                                Fa0/23, Fa0/24, Gig0/1, Gig0/2
10   VLAN0010                         active    Fa0/1
20   VLAN0020                         active    Fa0/2",Gemini AI,"PC0 and PC1 are likely assigned to different VLANs on Switch0, preventing direct Layer 2 communication.",N/A,High,show interface status,"First, identify the specific switch ports to which PC0 and PC1 are connected. If they are in different VLANs and intended to communicate directly at Layer 2, configure both access ports to belong to the same VLAN. For example, if PC0 is connected to Fa0/1 (VLAN 10) and PC1 is connected to Fa0/2 (VLAN 20), and they should both be in VLAN 10: `configure terminal` `interface Fa0/2` `switchport access vlan 10` `end`",ACCEPTED,Approved configuration. Verified that VLAN isolation on ports Fa0/1 and Fa0/2 was the root cause and the suggested fix is safe to apply.
